{
  "project_info": {
    "project_number": "219102310680",
    "firebase_url": "https://urzerapp.firebaseio.com",
    "project_id": "urzerapp",
    "storage_bucket": "urzerapp.appspot.com"
  },
  "client": [
    {
      "client_info": {
        "mobilesdk_app_id": "1:219102310680:android:de29f7d3779d107c",
        "android_client_info": {
          "package_name": "pl.wypozyczalniaurz.urzerv2"
        }
      },
      "oauth_client": [
        {
          "client_id": "219102310680-qu5recendbn34smu7fi8son250bvqe9p.apps.googleusercontent.com",
          "client_type": 1,
          "android_info": {
            "package_name": "pl.wypozyczalniaurz.urzerv2",
            "certificate_hash": "1a2a0ef00044ee0606e3f9f9d11b2564c579d6a0"
          }
        },
        {
          "client_id": "219102310680-8939fgvlcd9obtb22qpbgtij9h2dutpg.apps.googleusercontent.com",
          "client_type": 3
        }
      ],
      "api_key": [
        {
          "current_key": "AIzaSyByacAz4ZqLQmIzRUIZL8CH7sE3pCVslEM"
        }
      ],
      "services": {
        "analytics_service": {
          "status": 1
        },
        "appinvite_service": {
          "status": 2,
          "other_platform_oauth_client": [
            {
              "client_id": "219102310680-8939fgvlcd9obtb22qpbgtij9h2dutpg.apps.googleusercontent.com",
              "client_type": 3
            }
          ]
        },
        "ads_service": {
          "status": 2
        }
      }
    }
  ],
  "configuration_version": "1"
}